{
  "predicates": {
    "isCircle": {
      "acc": [
        1.0,
        0.0
      ],
      "prec": [
        1.0,
        0.0
      ],
      "rec": [
        1.0,
        0.0
      ],
      "f1": [
        1.0,
        0.0
      ]
    },
    "isSquare": {
      "acc": [
        1.0,
        0.0
      ],
      "prec": [
        1.0,
        0.0
      ],
      "rec": [
        1.0,
        0.0
      ],
      "f1": [
        1.0,
        0.0
      ]
    },
    "isCylinder": {
      "acc": [
        1.0,
        0.0
      ],
      "prec": [
        1.0,
        0.0
      ],
      "rec": [
        1.0,
        0.0
      ],
      "f1": [
        1.0,
        0.0
      ]
    },
    "isCone": {
      "acc": [
        1.0,
        0.0
      ],
      "prec": [
        1.0,
        0.0
      ],
      "rec": [
        1.0,
        0.0
      ],
      "f1": [
        1.0,
        0.0
      ]
    },
    "isTriangle": {
      "acc": [
        1.0,
        0.0
      ],
      "prec": [
        1.0,
        0.0
      ],
      "rec": [
        1.0,
        0.0
      ],
      "f1": [
        1.0,
        0.0
      ]
    },
    "isRed": {
      "acc": [
        1.0,
        0.0
      ],
      "prec": [
        1.0,
        0.0
      ],
      "rec": [
        1.0,
        0.0
      ],
      "f1": [
        1.0,
        0.0
      ]
    },
    "isGreen": {
      "acc": [
        1.0,
        0.0
      ],
      "prec": [
        1.0,
        0.0
      ],
      "rec": [
        1.0,
        0.0
      ],
      "f1": [
        1.0,
        0.0
      ]
    },
    "isBlue": {
      "acc": [
        1.0,
        0.0
      ],
      "prec": [
        1.0,
        0.0
      ],
      "rec": [
        1.0,
        0.0
      ],
      "f1": [
        1.0,
        0.0
      ]
    },
    "isBig": {
      "acc": [
        1.0,
        0.0
      ],
      "prec": [
        1.0,
        0.0
      ],
      "rec": [
        1.0,
        0.0
      ],
      "f1": [
        1.0,
        0.0
      ]
    },
    "isSmall": {
      "acc": [
        1.0,
        0.0
      ],
      "prec": [
        1.0,
        0.0
      ],
      "rec": [
        1.0,
        0.0
      ],
      "f1": [
        1.0,
        0.0
      ]
    },
    "leftOf": {
      "acc": [
        0.998,
        0.0040000000000000036
      ],
      "prec": [
        1.0,
        0.0
      ],
      "rec": [
        0.9960000000000001,
        0.008000000000000007
      ],
      "f1": [
        0.997979797979798,
        0.004040404040404022
      ]
    },
    "rightOf": {
      "acc": [
        0.9976666666666667,
        0.0019999999999999944
      ],
      "prec": [
        1.0,
        0.0
      ],
      "rec": [
        0.9953333333333333,
        0.0040000000000000105
      ],
      "f1": [
        0.9976571822322313,
        0.002008931384134354
      ]
    },
    "below": {
      "acc": [
        0.9936666666666667,
        0.008653836657164765
      ],
      "prec": [
        1.0,
        0.0
      ],
      "rec": [
        0.9873333333333333,
        0.017307673314329555
      ],
      "f1": [
        0.9935490382450636,
        0.00887153963339672
      ]
    },
    "above": {
      "acc": [
        0.9949999999999999,
        0.007745966692414841
      ],
      "prec": [
        1.0,
        0.0
      ],
      "rec": [
        0.99,
        0.015491933384829683
      ],
      "f1": [
        0.9949133422213107,
        0.007904107522731232
      ]
    }
  },
  "formulas": {
    "irreflex_leftOf": [
      0.9815198898315429,
      0.005815539996141946
    ],
    "asymmetry_leftOf": [
      0.9914649605751038,
      0.0027586418297105265
    ],
    "inverse_left_right": [
      0.8227798700332641,
      0.0020752875985573915
    ],
    "transitivity_leftOf": [
      0.9976142764091491,
      0.0006616609630094261
    ],
    "inverse_below_above": [
      0.7451932907104493,
      0.0011875246203241112
    ],
    "transitivity_below": [
      0.9452826857566834,
      0.0002812639812231863
    ],
    "exists_left_of_all_squares": [
      0.7622607350349426,
      0.09006711075759405
    ],
    "square_right_of_circle": [
      0.8537967801094055,
      0.045565139902435346
    ],
    "lastOnTheLeft": [
      0.4293207585811615,
      0.013919246930031399
    ],
    "lastOnTheRight": [
      0.38433086276054385,
      0.0017883534067292262
    ],
    "closeTo_avg": [
      0.1774840235710144,
      0.015560137386168035
    ],
    "inBetween_exists": [
      0.4043959200382233,
      0.003957478646043494
    ],
    "canStack_exists": [
      0.5828241586685181,
      0.023091483919507022
    ],
    "q1_small_below_cyl_left_sq": [
      0.043908653780817986,
      0.02266261565279924
    ],
    "q2_green_cone_between": [
      0.10211202214704826,
      0.05281101697788748
    ],
    "q3_triangles_close_samesize": [
      0.9564130425453186,
      0.027540249362760578
    ]
  },
  "queries": {
    "q1": {
      "sat": [
        0.043908653780817986,
        0.02266261565279924
      ],
      "conf": [
        0.7869174911055088,
        0.012486229758113707
      ],
      "gt_rate": 1.0,
      "match_rate": 1.0
    },
    "q2": {
      "sat": [
        0.10211202214704826,
        0.05281101697788748
      ],
      "conf": [
        0.6392264188909408,
        0.31846504361959416
      ],
      "gt_rate": 0.8,
      "match_rate": 1.0
    },
    "q3": {
      "sat": [
        0.9564130425453186,
        0.027540249362760578
      ],
      "n_close": 3.4
    }
  }
}